Python Tricks, Dan Bader, "Octber 25, 2017", 29.99
Mindset, Dr. Carol Dweck, "January 12, 2017", 25.64
Python Crash Course, Eric Matthes, "May 3, 2019" 21.25
Automate the Boring Stuff, AI Sweigart, "November 12, 2021", 21.99
Harry Potter 1, JK Rowling, "November 01, 1999", 7.99
Harry Potter 2, JK Rowling, "November 01, 2001, 7.99
Harry Potter 3, JK Rowling, "November 01, 2002", 7.99
Harry Potter 4, JK Rowling, "November 01, 2003", 7.99
Harry Potter 5, JK Rowling, "November 01, 2004", 7.99
Harry Potter 6, JK Rowling, "November 01, 2005", 7.99
Harry Potter 7, JK Rowling, "November 01, 1997", 7.99